smiles,Y
CC(N)Cc1ccccc1,7.3
O=C(O)CCCc1ccc(N(CCCl)CCCl)cc1,1.1
CCN(CC)CCNC(=O)c1ccc(NC(C)=O)cc1,6.4
CN(C)C(=O)Oc1cc(OC(=O)N(C)C)cc(C(O)CNC(C)(C)C)c1,2.6
C#CCN(C)[C@H](C)Cc1ccccc1,1.3
CN(C)C(=O)Oc1cccc([N+](C)(C)C)c1.[Br-],1.3
Nc1ccc(O)c(C(=O)O)c1,0.61
CCNCC(O)c1cccc(O)c1,2.2
CCOc1ccc(NC(C)=O)cc1,0.92
C=CCc1ccccc1OCC(O)CNC(C)C,2.5
CC(=O)Nc1ccc(O)cc1,2.5
C[C@H](O)C(=O)Nc1c(I)c(C(=O)NC(CO)CO)c(I)c(C(=O)NC(CO)CO)c1I,2.1
O=C(O)CCNC(=O)c1ccccc1,0.59
CC(C)NCC(O)c1ccc(O)c(O)c1,0.41
CC(C)c1cccc(C(C)C)c1O,3.2
CC(C)NCC(O)c1ccc(NS(C)(=O)=O)cc1,6.3
C[C@](N)(Cc1ccc(O)c(O)c1)C(=O)O,5.9
CCCCCCCN(CC)CCCC(O)c1ccc(NS(C)(=O)=O)cc1,7.0
CC(C)NCC(O)COc1ccc(COCCOC(C)C)cc1,10.0
CCCCNC(=O)NS(=O)(=O)c1ccc(C)cc1,7.0
CCCN(CCC)S(=O)(=O)c1ccc(C(=O)O)cc1,5.9
CC(=O)N(CC(O)CO)c1c(I)c(C(=O)NCC(O)CO)c(I)c(C(=O)NCC(O)CO)c1I,1.5
CCN(CC)C(=O)/C(C#N)=C/c1cc(O)c(O)c([N+](=O)[O-])c1,2.4
CC(C)Cc1ccc(C(C)C(=O)O)cc1,1.6
CCN(CC)CC(=O)Nc1c(C)cccc1C,1.6
C=C(CC)C(=O)c1ccc(OCC(=O)O)c(Cl)c1Cl,0.5
Cc1cccc(C)c1NC(=O)NCCCNC(C)C,5.0
N[C@@H](Cc1ccc(O)c(O)c1)C(=O)O,1.3
N[C@@H](Cc1ccc(N(CCCl)CCCl)cc1)C(=O)O,1.0
CC(=O)Nc1c(I)c(C(=O)O)c(I)c(N(C)C(C)=O)c1I,1.3
Cc1cccc(C)c1OCC(C)N,9.9
CCN(C)C(=O)Oc1cccc([C@H](C)N(C)C)c1,1.4
COC(=O)CCc1ccc(OCC(O)CNC(C)C)cc1,0.15
CNC(=O)c1c(I)c(NC(C)=O)c(I)c(C(=O)O)c1I,1.3
CN[C@@H](C)Cc1ccccc1,12.0
Cc1cccc(C)c1NC(=O)C(C)N,12.0
CN(C)/N=N/c1ccc(C(=O)O)cc1,2.5
CCN[C@@H](C)Cc1cccc(C(F)(F)F)c1,14.0
CCCNC(=O)NS(=O)(=O)c1ccc(Cl)cc1,46.0
CC(C)NCC(O)COc1ccc(CC(N)=O)cc1,6.1
COCC(=O)Nc1c(I)c(C(=O)NCC(O)CO)c(I)c(C(=O)N(C)CC(O)CO)c1I,2.6
COCCc1ccc(OCC(O)CNC(C)C)cc1,3.6
O=C(N[C@H](CO)[C@H](O)c1ccc([N+](=O)[O-])cc1)C(Cl)Cl,4.6
CC(=O)Oc1ccccc1C(=O)O,0.26
CC(=O)Nc1c(I)c(NC(C)=O)c(I)c(C(=O)O)c1I,1.8
CC(C)(C)NCC(O)c1ccc(O)c(CO)c1,2.4
N=C(N)NC(=O)Cc1c(Cl)cccc1Cl,15.0
CCCCCN(CCCOC)C(=O)C(CCC(=O)O)NC(=O)c1ccc(Cl)c(Cl)c1,5.2
CC(C)(C)NCC(O)c1cc(O)cc(O)c1,15.0
CCN(CC)CCNC(=O)c1cc(Br)c(N)cc1OC,2.9
CCN(CC)CCNC(=O)c1cc(Cl)c(N)cc1OC,7.2
CCN(CC)CCNC(=O)c1ccc(N)cc1,3.1
CCCC(=O)Nc1ccc(OCC(O)CNC(C)C)c(C(C)=O)c1,3.5
CC[N+](C)(C)c1cccc(O)c1.[Br-],1.8
CCCNC(C)C(=O)Nc1ccccc1C,1.8
O=C(CCCCCCC(=O)Nc1ccccc1)NO,0.76
CCCCCN(CCCOC)C(=O)[C@@H](CCC(=O)O)NC(=O)c1ccc(Cl)c(Cl)c1,1.2
CCN(CC)CCNC(=O)c1ccc(NS(C)(=O)=O)cc1,3.8
N=C(N)NCCCC[C@@H]1NC(=O)CCSSC[C@@H](C(N)=O)NC(=O)[C@@H]2CCCN2C(=O)[C@H](Cc2c[nH]c3ccccc23)NC(=O)[C@H](CC(=O)O)NC(=O)CNC1=O,4.2
CN(C)[C@@H]1C(O)=C(C(N)=O)C(=O)[C@@]2(O)C(O)=C3C(=O)c4c(O)ccc(Cl)c4[C@@H](O)[C@H]3C[C@@H]12,12.0
CN(C)c1cc(NC(=O)CNC(C)(C)C)c(O)c2c1C[C@H]1C[C@H]3[C@H](N(C)C)C(O)=C(C(N)=O)C(=O)[C@@]3(O)C(O)=C1C2=O,48.0
C[C@H]1c2cccc(O)c2C(=O)C2=C(O)[C@]3(O)C(=O)C(C(N)=O)=C(O)[C@@H](N(C)C)[C@@H]3[C@@H](O)[C@@H]21,14.0
CN(C)c1ccc(O)c2c1C[C@H]1C[C@H]3[C@H](N(C)C)C(O)=C(C(N)=O)C(=O)[C@@]3(O)C(O)=C1C2=O,17.0
CN(C)[C@@H]1C(O)=C(C(N)=O)C(=O)[C@@]2(O)C(O)=C3C(=O)c4c(O)cccc4[C@@](C)(O)[C@H]3C[C@@H]12,9.4
CN(C)[C@@H]1C(O)=C(C(N)=O)C(=O)[C@@]2(O)C(O)=C3C(=O)c4c(O)cccc4[C@@](C)(O)[C@H]3[C@H](O)[C@@H]12,10.0
CN(C)[C@@H]1C(O)=C(C(N)=O)C(=O)[C@@]2(O)C(O)=C3C(=O)c4c(O)ccc(Cl)c4[C@@](C)(O)[C@H]3C[C@@H]12,7.0
Cc1cnc(NC(=O)C2=C(O)c3ccccc3S(=O)(=O)N2C)s1,18.0
CN[C@H](CC(C)C)C(=O)N[C@H]1C(=O)N[C@@H](CC(N)=O)C(=O)N[C@H]2C(=O)N[C@H]3C(=O)N[C@H](C(=O)N[C@H](C(=O)O)c4cc(O)cc(O)c4-c4cc3ccc4O)[C@H](O)c3ccc(c(Cl)c3)Oc3cc2cc(c3O[C@@H]2O[C@H](CO)[C@@H](O)[C@H](O)[C@H]2O[C@H]2C[C@](C)(N)[C@H](O)[C@H](C)O2)Oc2ccc(cc2Cl)[C@H]1O,6.5
CCCCCCCCCCNCCN[C@@]1(C)C[C@H](O[C@H]2[C@H](Oc3c4cc5cc3Oc3ccc(cc3Cl)[C@@H](O)[C@@H](NC(=O)[C@@H](CC(C)C)NC)C(=O)N[C@@H](CC(N)=O)C(=O)N[C@H]5C(=O)N[C@H]3C(=O)N[C@H](C(=O)N[C@H](C(=O)O)c5cc(O)c(CNCP(=O)(O)O)c(O)c5-c5cc3ccc5O)[C@H](O)c3ccc(c(Cl)c3)O4)O[C@H](CO)[C@@H](O)[C@@H]2O)O[C@@H](C)[C@H]1O,6.7
COc1ccccc1Oc1c(NS(=O)(=O)c2ccc(C(C)(C)C)cc2)nc(-c2ncccn2)nc1OCCO,4.1
Cc1ccsc1C(=CCCN1CCC[C@@H](C(=O)O)C1)c1sccc1C,10.0
COc1nc(C)nc(Cl)c1NC1=NCCN1,2.2
Cc1ncc2n1-c1ccc(Cl)cc1C(c1ccccc1F)=NC2,3.1
CN(C)CCc1c[nH]c2ccc(CS(=O)(=O)N3CCCC3)cc12,3.4
COc1ccc(Cl)cc1C(=O)NCCc1ccc(S(=O)(=O)NC(=O)NC2CCCCC2)cc1,2.2
C#C[C@]1(O)C=C[C@H]2[C@@H]3CCC4=CC(=O)CC[C@@H]4[C@H]3CC[C@@]21CC,10.0
Cc1cc(O)c2c(=O)c3c(O)cc(O)c4c5c(O)cc(O)c6c(=O)c7c(O)cc(C)c8c1c2c(c34)c(c78)c65,42.0
Cc1cc(O)c2c(=O)c3c(O)cc(O)c4c5c(O)cc(O)c6c(=O)c7c(O)cc(CO)c8c1c2c(c34)c(c65)c78,20.0
CCN(C(C)=O)c1cccc(-c2ccnc3c(C#N)cnn23)c1,1.1
CC(=O)[C@H]1CC[C@H]2[C@@H]3CC[C@@H]4C[C@H](O)CC[C@]4(C)[C@H]3CC[C@]12C,4.7
CC(C)[C@@H](CC[C@@H](C)[C@H]1CC[C@H]2[C@H]3[C@H](CC[C@@]21C)[C@@]1(C)CC[C@H](NCCCNCCCCN)C[C@@H]1C[C@H]3O)OS(=O)(=O)O,9.5
CCc1c2c(nc3ccc(OC(=O)N4CCC(N5CCCCC5)CC4)cc13)-c1cc3c(c(=O)n1C2)COC(=O)[C@]3(O)CC,9.0
C[C@@H](/C=C/[C@@H](C)[C@H]1CC[C@H]2/C(=C/C=C3C[C@@H](O)C[C@H](O)C3)CCC[C@@]21C)C(C)(C)O,5.3
O=C1CN=C(c2ccccn2)c2cc(Br)ccc2N1,21.0
CN(C)CCC=C1c2ccccc2CCc2ccccc21,17.0
CNCCC=C1c2ccccc2CCc2ccccc21,30.0
O=C(O)c1cc(/N=N/c2ccc(O)c(C(=O)O)c2)ccc1O,0.9
CC(C)c1nc(N(C)S(C)(=O)=O)nc(-c2ccc(F)cc2)c1/C=C/[C@@H](O)C[C@@H](O)CC(=O)O,2.0
Nc1nc(NC2CC2)c2ncn([C@H]3C=C[C@@H](CO)C3)c2n1,1.0
CC1(C)[C@H](C(=O)O)N2C(=O)C[C@H]2S1(=O)=O,1.1
O=C(c1ccccc1)c1ccc2n1CCC2C(=O)O,5.1
CC1(C)C[C@@H]1C(=O)N/C(=C\CCCCSC[C@H](N)C(=O)O)C(=O)O,0.86
CC1=C(C(=O)O)N2C(=O)[C@@H](NC(=O)[C@H](N)c3ccccc3)[C@H]2SC1,0.57
CC1=C(C(=O)O)N2C(=O)[C@@H](NC(=O)[C@H](N)c3ccc(O)cc3)[C@H]2SC1,1.1
CC=CC1=C(C(=O)O)N2C(=O)[C@@H](NC(=O)[C@H](N)c3ccc(O)cc3)[C@H]2SC1,1.2
CCN(CC)CCCC(C)Nc1c2ccc(Cl)cc2nc2ccc(OC)cc12,120.0
C[C@@H](O)[C@H]1C(=O)N2C(C(=O)O)=C(S[C@H]3C[C@@H](C(=O)N4CC[C@H](NC(=O)CNC(=N)N)C4)N(C)C3)[C@H](C)[C@H]12,1.7
C[C@]12CC(=O)[C@H]3[C@@H](CCC4=CC(=O)C=C[C@@]43C)[C@@H]1CC[C@]2(O)C(=O)CO,2.9
CN1CCN2c3ncccc3Cc3ccccc3C2C1,15.0
CN[C@@H]1CCc2[nH]c3ccc(C(N)=O)cc3c2C1,24.0
O=C(O)Cn1c(=O)c(=O)[nH]c2cc([N+](=O)[O-])c(-n3ccnc3)cc21,0.78
CCCC(=O)N1CCCN(c2nc(N)c3cc(OC)c(OC)cc3n2)CC1,2.0
Nc1ncn([C@H]2C[C@H](O)[C@@H](CO)O2)c(=O)n1,0.58
Nc1ncn([C@@H]2O[C@H](CO)[C@@H](O)[C@H]2O)c(=O)n1,0.36
CC(=O)O[C@H]1C[C@@H]2CC[C@@H]3[C@H](CC[C@@]4(C)[C@H]3C[C@H]([N+]3(C)CCCCC3)[C@@H]4OC(C)=O)[C@@]2(C)C[C@@H]1N1CCCCC1.[Br-],1.4
CCCCc1ncc(/C=C(\Cc2cccs2)C(=O)O)n1Cc1ccc(C(=O)O)cc1,2.1
C/C(=C\c1csc(C)n1)[C@@H]1C[C@@H]2O[C@]2(C)CCC[C@H](C)[C@H](O)[C@@H](C)C(=O)C(C)(C)[C@@H](O)CC(=O)N1,17.0
CNC1=Nc2ccc(Cl)cc2C(c2ccccc2)=[N+]([O-])C1,8.3
Clc1cccc(N2CCNCC2)c1,4.7
C=C[C@@]1(O)C[N+]2(C)CC[C@H]1C[C@@H]2[C@@H](O)c1ccnc2ccc(OC)cc12,6.7
O=C(NC1CCN(CCc2c[nH]c3ccccc23)CC1)c1ccccc1,4.3
CCC(=O)O[C@]1(C(=O)SCF)[C@H](C)C[C@H]2[C@@H]3C[C@H](F)C4=CC(=O)C=C[C@]4(C)[C@@]3(F)[C@@H](O)C[C@@]21C,6.0
C[C@H]1C[C@H]2[C@@H]3CCC4=CC(=O)C=C[C@]4(C)[C@@]3(F)[C@@H](O)C[C@]2(C)[C@@]1(O)C(=O)CO,5.6
CCC(=O)OCC(=O)[C@@]1(OC(=O)CC)[C@@H](C)C[C@H]2[C@@H]3CCC4=CC(=O)C=C[C@]4(C)[C@@]3(Cl)[C@@H](O)C[C@@]21C,0.5
C[C@@H]1C[C@H]2[C@@H]3CCC4=CC(=O)C=C[C@]4(C)[C@@]3(F)[C@@H](O)C[C@]2(C)[C@@]1(O)C(=O)CO,3.7
C[C@H]1C[C@H]2[C@@H]3CC[C@](O)(C(=O)CO)[C@@]3(C)C[C@H](O)[C@@H]2[C@@]2(C)C=CC(=O)C=C12,2.3
C[C@]12C[C@H](O)[C@H]3[C@@H](CCC4=CC(=O)C=C[C@@]43C)[C@@H]1CC[C@]2(O)C(=O)CO,3.4
CC(C)n1c(/C=C/C(O)CC(O)CC(=O)O)c(-c2ccc(F)cc2)c2ccccc21,0.7
COc1ccc(CCN(C)CCCC(C#N)(c2ccc(OC)c(OC)c2)C(C)C)cc1OC,2.8
CCCc1nc(C)c2c(=O)nc(-c3cc(S(=O)(=O)N4CCN(CC)CC4)ccc3OCC)[nH]n12,4.5
CCC1(c2ccccc2)C(=O)NC(=O)NC1=O,99.0
Cc1cn([C@H]2C=C[C@@H](CO)O2)c(=O)[nH]c1=O,1.4
O=C1CN(/N=C/c2ccc(-c3ccc([N+](=O)[O-])cc3)o2)C(=O)N1,10.0
Fc1ccc([C@@H]2CCNC[C@H]2COc2ccc3c(c2)OCO3)cc1,13.0
CN1CCCC(n2nc(Cc3ccc(Cl)cc3)c3ccccc3c2=O)CC1,22.0
N#Cc1ccc(C(c2ccc(C#N)cc2)n2cncn2)cc1,45.0
CCC(CC)O[C@@H]1C=C(C(=O)O)C[C@H](N)[C@H]1NC(C)=O,1.8
CC[C@]1(O)C[C@@H]2CN(CCc3c([nH]c4ccccc34)[C@@](C(=O)OC)(c3cc4c(cc3OC)N(C)[C@H]3[C@@](O)(C(=O)OC)[C@H](OC(C)=O)[C@]5(CC)C=CCN6CC[C@]43[C@@H]65)C2)C1,67.0
CC[C@]1(O)C[C@@H]2CN(CCc3c([nH]c4ccccc34)[C@@](C(=O)OC)(c3cc4c(cc3OC)N(C)[C@H]3[C@@](O)(C(N)=O)[C@H](O)[C@]5(CC)C=CCN6CC[C@]43[C@@H]65)C2)C1,35.0
CC[C@]1(O)C[C@H]2CN(CCc3c([nH]c4ccccc34)[C@@](C(=O)OC)(c3cc4c(cc3OC)N(C=O)[C@H]3[C@@](O)(C(=O)OC)[C@H](OC(C)=O)[C@]5(CC)C=CCN6CC[C@]43[C@@H]65)C2)C1,23.0
COc1ccccc1OCCNCC(O)COc1cccc2[nH]c3ccccc3c12,2.4
C=C1CC[C@@]2(O)[C@H]3Cc4ccc(O)c5c4[C@@]2(CCN3CC2CC2)[C@H]1O5,8.8
CCN1C[C@H]2CN(C)C[C@H](C1)C2OC(=O)c1ccc(Cl)cc1,8.6
OCCN1C[C@H](O)[C@@H](O)[C@H](O)[C@H]1CO,2.3
CO[C@@]12CC[C@@]3(C[C@@H]1[C@](C)(O)C(C)(C)C)[C@H]1Cc4ccc(O)c5c4[C@@]3(CCN1CC1CC1)[C@H]2O5,3.2
CC(CCc1ccc2c(c1)OCO2)NCC(O)c1ccc(O)c(C(N)=O)c1,11.0
C[C@@H](O)[C@H]1C(=O)N2C(C(=O)O)=C(S[C@@H]3CN[C@H](C(=O)N(C)C)C3)[C@H](C)[C@H]12,1.0
CC(=N)N1CC[C@H](SC2=C(C(=O)O)N3C(=O)[C@H]([C@@H](C)O)[C@H]3C2)C1,0.96
NS(=O)(=O)c1cc(C2(O)NC(=O)c3ccccc32)ccc1Cl,36.0
Cc1[nH]c(=O)c(C#N)cc1-c1ccncc1,0.8
Nc1cc(-c2ccncc2)c[nH]c1=O,2.0
NC[C@H]1O[C@H](O[C@@H]2[C@@H](N)C[C@@H](N)[C@H](O[C@H]3O[C@H](CO)[C@@H](O)[C@H](N)[C@H]3O)[C@H]2O)[C@H](N)C[C@@H]1O,2.0
CN[C@@H]1[C@@H](O)[C@@H](O[C@@H]2[C@@H](O)[C@H](O[C@H]3O[C@H](CN)[C@@H](O)[C@H](O)[C@H]3O)[C@@H](N)C[C@H]2NC(=O)[C@@H](O)CN)OC[C@]1(C)O,24.0
NCC[C@H](O)C(=O)N[C@@H]1C[C@H](N)[C@@H](O[C@H]2O[C@H](CN)[C@@H](O)[C@H](O)[C@H]2O)[C@H](O)[C@H]1O[C@H]1O[C@H](CO)[C@@H](O)[C@H](N)[C@H]1O,2.4
NC[C@H]1O[C@H](O[C@@H]2[C@@H](N)C[C@@H](N)[C@H](O[C@H]3O[C@H](CO)[C@@H](O)[C@H](N)[C@H]3O)[C@H]2O)[C@H](O)[C@@H](O)[C@@H]1O,2.1
NC[C@@H]1CC[C@@H](N)[C@@H](O[C@@H]2[C@@H](N)C[C@@H](N)[C@H](O[C@H]3O[C@H](CO)[C@@H](O)[C@H](N)[C@H]3O)[C@H]2O)O1,2.4
O=c1[nH]cnc2c1ncn2[C@H]1CC[C@@H](CO)O1,1.4
CN1CCN(C2=Nc3cc(Cl)ccc3Nc3ccccc32)CC1,10.0
Cc1nc2n(c(=O)c1CCN1CCC(c3noc4cc(F)ccc34)CC1)CCCC2,3.2
CN1CCOC(c2ccccc2)c2ccccc2C1,5.0
Cc1ccc(-c2ncc(Cl)cc2-c2ccc(S(C)(=O)=O)cc2)cn1,26.0
CNC(C)[C@@H]1CC[C@@H](N)[C@@H](O[C@@H]2[C@@H](N)C[C@@H](N)[C@H](O[C@H]3OC[C@](C)(O)[C@H](NC)[C@H]3O)[C@H]2O)O1.CN[C@@H]1[C@@H](O)[C@@H](O[C@@H]2[C@@H](O)[C@H](O[C@H]3O[C@H](C(C)N)CC[C@H]3N)[C@@H](N)C[C@H]2N)OC[C@]1(C)O.CN[C@@H]1[C@@H](O)[C@@H](O[C@@H]2[C@@H](O)[C@H](O[C@H]3O[C@H](CN)CC[C@H]3N)[C@@H](N)C[C@H]2N)OC[C@]1(C)O,4.7
OC(CNCC(O)C1CCc2cc(F)ccc2O1)C1CCc2cc(F)ccc2O1,10.0
CCOc1ccccc1OC(c1ccccc1)C1CNCCO1,10.0
C[C@@H]1O[C@@H](O[C@H]2[C@@H](O)C[C@H](O[C@H]3C[C@](O)(C(=O)CO)Cc4c(O)c5c(c(O)c43)C(=O)c3ccccc3C5=O)O[C@H]2C)C[C@H](N)[C@@H]1O,21.0
Cn1nnc2c(C(N)=O)ncn2c1=O,1.5
CO[C@H]1C[C@@H]2CC[C@@H](C)[C@@](O)(O2)C(=O)C(=O)N2CCCC[C@H]2C(=O)O[C@H]([C@H](C)C[C@@H]2CC[C@@H](OC(=O)C(C)(CO)CO)[C@H](OC)C2)CC(=O)[C@H](C)/C=C(\C)[C@@H](O)[C@@H](OC)C(=O)[C@H](C)C[C@H](C)/C=C/C=C/C=C/1C,18.0
CC1(C)C(/C=C/C=C/C=C/C=C2\N(CCCCS(=O)(=O)[O-])c3ccc4ccccc4c3C2(C)C)=[N+](CCCCS(=O)(=O)[O-])c2ccc3ccccc3c21.[Na+],0.065
CCOC(=O)C1(c2ccccc2)CCC=CC1N(C)C,5.0
CCOC(=O)[C@]1(c2ccccc2)CCC=C[C@H]1NC,4.4
N#CC(CCN1CCC(C(N)=O)(N2CCCCC2)CC1)(c1ccccc1)c1ccccc1,8.0
CO/N=C(\C(=O)N[C@@H]1C(=O)N2C(C(=O)O)=C(CSc3nc(=O)c(O)nn3C)CS[C@H]12)c1csc(N)n1,8.6
COc1ccnc(C[S+]([O-])c2nc3cc(OC(F)F)ccc3[nH]2)c1OC,1.9
COc1ccc2[nH]c([S+]([O-])Cc3ncc(C)c(OC)c3C)nc2c1,0.58
Cc1c(OCC(F)(F)F)ccnc1C[S+]([O-])c1nc2ccccc2[nH]1,1.0
COCCCOc1ccnc(C[S+]([O-])c2nc3ccccc3[nH]2)c1C,1.0
CC1(C)S[C@@H]2[C@H](NC(=O)[C@H](N)c3ccc(O)cc3)C(=O)N2[C@H]1C(=O)O,1.1
CC1(C)S[C@@H]2[C@H](NC(=O)[C@H](N)c3ccccc3)C(=O)N2[C@H]1C(=O)O,1.4
CC1(C)S[C@@H]2[C@H](NC(=O)C(C(=O)O)c3ccccc3)C(=O)N2[C@H]1C(=O)O,1.1
CC1(C)S[C@@H]2[C@H](NC(=O)C(c3ccccc3)S(=O)(=O)O)C(=O)N2[C@H]1C(=O)O,1.2
CC1(C)S[C@@H]2[C@H](NC(=O)Cc3ccccc3)C(=O)N2[C@H]1C(=O)O,0.7
CC1=C(C(=O)O)N2C(=O)[C@@H](NC(=O)[C@H](N)C3=CCC=CC3)[C@H]2SC1,0.85
CCCCCCCCC/C=C/C=C/C(=O)CCC(=O)NC1[C@H](C(O)CO)O[C@H](Nc2ncnc3nc[nH]c23)[C@H](O)[C@@H]1O,1.3
CN1C(=O)NC(=O)C(C)(C2=CCCCC2)C1=O,4.9
CSCO[C@H]1C[C@H]2OC[C@@]2(OC(C)=O)C2[C@H](OCc3ccccc3)[C@]3(O)CC(OC(=O)[C@H](O)[C@@H](NC(=O)c4ccccc4)c4ccccc4)C(C)=C([C@@H](OC(C)=O)C(=O)[C@@]21C)C3(C)C,32.0
Nc1nc(/C(=N/O)C(=O)N[C@@H]2C(=O)N3C(C(=O)O)=C(/C=C4\CCN([C@@H]5CCNC5)C4=O)CS[C@H]23)ns1,3.3
C[C@@H](O)[C@H]1C(=O)N2C(C(=O)O)=C(S[C@@H]3CN[C@H](C(=O)Nc4cccc(C(=O)O)c4)C3)[C@H](C)[C@H]12,3.8
CO[C@@]1(NC(=O)C2SC(=C(C(N)=O)C(=O)O)S2)C(=O)N2C(C(=O)O)=C(CSc3nnnn3C)CS[C@@H]21,4.5
C[C@@](O)(/C=C/[C@@H]1CC=CC(=O)O1)[C@@H](C[C@@H](O)/C=C\C=C/C=C/CO)OP(=O)(O)O,1.5
CC1(C)S[C@@H]2[C@H](NC(=O)[C@H](C(=O)O)c3ccsc3)C(=O)N2[C@H]1C(=O)O,1.0
C=CC[N+]12CC[C@@]34c5ccccc5N5/C=C6/[C@H]7C[C@H]8[C@@]9(CC[N@@+]8(CC=C)C/C7=C/CO)c7ccccc7N(/C=C(/[C@@H](C[C@@H]31)/C(=C\CO)C2)[C@H]54)[C@@H]69,3.6
C[N+]1(CC2CC2)CC[C@]23c4c5ccc(O)c4O[C@H]2C(=O)CC[C@@]3(O)[C@H]1C5,2.5
O=C1c2cccc3c2[C@H](CCC3)CN1[C@@H]1CN2CCC1CC2,39.0
CCC(=O)C(CC(C)N(C)C)(c1ccccc1)c1ccccc1,31.0
CC[C@H](OC(C)=O)C(C[C@H](C)N(C)C)(c1ccccc1)c1ccccc1,18.0
CCC(CC)COC(C(=O)OCCN(C)C)(c1ccccc1)c1ccccc1,34.0
CN(C)CCOC(c1ccccc1)c1ccccc1,9.3
CC(CC(c1ccccc1)c1ccccc1)NC(C)(C)C,56.0
Cc1ccc(O)c([C@H](CCN(C(C)C)C(C)C)c2ccccc2)c1,2.4
CO/N=C(\C(=O)N[C@@H]1C(=O)N2C(C(=O)O)=C(CSc3nc(C)c(CC(=O)O)s3)CS[C@H]12)c1csc(N)n1,4.2
C[C@H]([C@](O)(Cn1cncn1)c1ccc(F)cc1F)S(C)(=O)=O,49.0
c1ccc(C2(c3ccccc3)CC2C2=NCCN2)cc1,7.3
CN(C(=O)c1c(O)c2ccccc2n(C)c1=O)c1ccccc1,31.0
CC(=O)O[C@@]12CO[C@@H]1C[C@H](O)[C@@]1(C)C(=O)[C@H](O)C3=C(C)[C@@H](OC(=O)[C@H](O)[C@@H](NC(=O)OC(C)(C)C)c4ccccc4)C[C@@](O)([C@@H](OC(=O)c4ccccc4)[C@@H]12)C3(C)C.O.O.O,11.0
CCC1(c2cccc(O)c2)CCCCN(C)C1,1.7
NC(=O)OC[C@@H]1[C@H](NC(=O)/C(=N\OCC(=O)O)c2csc(N)n2)C(=O)N1S(=O)(=O)O,1.6
C[C@H]1[C@H](NC(=O)/C(=N\OC(C)(C)C(=O)O)c2csc(N)n2)C(=O)N1S(=O)(=O)O,1.5
Clc1ccc2nsnc2c1NC1=NCCN1,2.4
Cc1cc(NC(=O)C2=C(O)c3ccccc3S(=O)(=O)N2C)no1,33.0
Cc1cnc(C(=O)NCCc2ccc(S(=O)(=O)NC(=O)NC3CCCCC3)cc2)cn1,3.3
NC[C@H]1O[C@H](O[C@@H]2[C@@H](N)C[C@@H](N)[C@H](O)[C@H]2O[C@@H]2O[C@H](CO)[C@@H](O)[C@H]2O)[C@H](N)[C@@H](O)[C@@H]1O,2.5
COC(=O)C1=C(C)NC(C)=C(C(=O)OCCCN2CCC(c3ccccc3)(c3ccccc3)CC2)[C@@H]1c1cccc([N+](=O)[O-])c1,22.0
O=C(O)[C@@H]1C[C@@H](C2CCCCC2)CN1C(=O)CP(=O)(O)CCCCc1ccccc1,9.4
Cc1noc(NS(=O)(=O)c2ccc(N)cc2)c1C,7.4
CC1=C(CO)C2=C(C)C3(CC3)[C@@](C)(O)C(=O)C2=C1,0.3
OCCN1CCN(CCCN2c3ccccc3Sc3ccc(Cl)cc32)CC1,9.4
CN1CCN(CCCN2c3ccccc3Sc3ccc(Cl)cc32)CC1,9.0
COCC(=O)O[C@]1(CCN(C)CCCc2nc3ccccc3[nH]2)CCc2cc(F)ccc2[C@@H]1C(C)C,13.0
CCc1cccc2cc(C(O)CNC(C)(C)C)oc12,2.3
NC(=O)c1csc([C@@H]2O[C@H](CO)[C@@H](O)[C@H]2O)n1,5.9
CCOc1ccc(/C=C2\NCCc3cc(OCC)c(OCC)cc32)cc1OCC,9.3
NNc1nncc2ccccc12,0.96
O=C1c2ccccc2S(=O)(=O)N1CCCCNC[C@H]1CCc2ccccc2O1,1.2
CCCc1nn(C)c2c(=O)[nH]c(-c3cc(S(=O)(=O)N4CCN(C)CC4)ccc3OCC)nc12,3.9
CCc1nn(CCCN2CCN(c3cccc(Cl)c3)CC2)c(=O)n1CCOc1ccccc1,1.2
CCC[C@H](N[C@@H](C)C(=O)N1[C@H](C(=O)O)C[C@@H]2CCCC[C@@H]21)C(=O)O,29.0
NNC(=O)c1ccncc1,1.0
O=P(O)(O)C(O)(Cc1cccnc1)P(=O)(O)O,200.0
OC(CCN1CCCCC1)(c1ccccc1)C1CC2C=CC1C2,24.0
COC(=O)C1=C(C)NC(C)=C(C(=O)OC(C)C)C1c1cccc2nonc12,3.3
CC[C@H]1OC(=O)[C@H](C)[C@@H](O[C@H]2C[C@@](C)(OC)[C@@H](O)[C@H](C)O2)[C@H](C)[C@@H](O[C@@H]2O[C@H](C)C[C@H](N(C)C)[C@H]2O)[C@](C)(OC)C[C@@H](C)C(=O)[C@H](C)[C@@H](O)[C@]1(C)O,2.8
CC[C@H]1OC(=O)[C@H](C)[C@@H](O[C@H]2C[C@@](C)(OC)[C@@H](O)[C@H](C)O2)[C@H](C)[C@@H](O[C@@H]2O[C@H](C)C[C@H](N(C)C)[C@H]2O)[C@](C)(O)C[C@@H](C)C(=O)[C@H](C)[C@@H](O)[C@]1(C)O,2.0
NS(=O)(=O)c1cc(C(=O)O)cc(N2CCCC2)c1Oc1ccccc1,1.3
CC(C)(O/N=C(\C(=O)N[C@@H]1C(=O)N2C(C(=O)[O-])=C(C[n+]3ccccc3)CS[C@H]12)c1csc(N)n1)C(=O)O,1.8
CCOC(=O)C1=C(C)NC(C)=C(C(=O)OC)C1c1cccc([N+](=O)[O-])c1,8.2
CCOC(=O)C1=C(COCCN)NC(C)=C(C(=O)OC)C1c1ccccc1Cl,34.0
CCOC(=O)C1=C(C)NC(C)=C(C(=O)OC)C1c1cccc(Cl)c1Cl,10.0
CCCC(=O)OCOC(=O)C1=C(C)NC(C)=C(C(=O)OC)C1c1cccc(Cl)c1Cl,0.3
COC(=O)C1=C(C)NC(C)=C(C(=O)OCC(C)C)C1c1ccccc1[N+](=O)[O-],11.0
COC(=O)C1=C(C)NC(C)=C(C(=O)OC)C1c1ccccc1[N+](=O)[O-],1.9
COCCOC(=O)C1=C(C)NC(C)=C(C(=O)OC(C)C)C1c1cccc([N+](=O)[O-])c1,1.3
CCC(=O)N(c1ccccc1)C1(C(=O)OC)CCN(CCC(=O)OC)CC1,0.8
Cc1ncsc1CCCl,4.5
NC(N)=Nc1nc(CSCC/C(N)=N/S(N)(=O)=O)cs1,2.8
CNC(=C[N+](=O)[O-])NCCSCc1csc(CN(C)C)n1,1.5
Nc1ccn([C@@H]2O[C@H](CO)[C@@H](O)C2(F)F)c(=O)n1,1.0
Nc1ccn([C@H]2CC[C@@H](CO)O2)c(=O)n1,1.2
COc1cccc2c1C(=O)c1c(O)c3c(c(O)c1C2=O)C[C@@](O)(C(=O)CO)C[C@@H]3O[C@H]1C[C@H](N)[C@H](O)[C@H](C)O1,32.0
CC(=O)[C@]1(O)Cc2c(O)c3c(c(O)c2[C@@H](O[C@H]2C[C@H](N)[C@H](O)[C@H](C)O2)C1)C(=O)c1ccccc1C3=O,16.0
COc1cccc2c1C(=O)c1c(O)c3c(c(O)c1C2=O)C[C@@](O)(C(=O)CO)C[C@@H]3O[C@H]1C[C@H](N)[C@@H](O)[C@H](C)O1,36.0
C=CCN1CC[C@]23c4c5ccc(O)c4O[C@H]2C(=O)CC[C@@]3(O)[C@H]1C5,1.1
COc1ccc2c3c1O[C@H]1C(=O)CC[C@@]4(O)[C@@H](C2)N(C)CC[C@]314,5.5
CN1CC[C@]23c4c5ccc(O)c4O[C@H]2C(=O)CC[C@H]3[C@H]1C5,2.3
N=C(N)c1ccc(OCCCCCOc2ccc(C(=N)N)cc2)cc1,25.0
Cc1nccn1CC1CCc2c(c3ccccc3n2C)C1=O,3.4
CC(C)(C)NC[C@H](O)COc1nsnc1N1CCOCC1,2.2
CC(C)(C)NC(=O)[C@H]1CC[C@H]2[C@@H]3CC[C@H]4NC(=O)C=C[C@]4(C)[C@H]3CC[C@]12C,6.0
O=C(O)c1cc(-c2ccc(F)cc2F)ccc1O,10.0
Cc1ccc(C(=O)Nc2ccc(S(=O)(=O)O)c3cc(S(=O)(=O)O)cc(S(=O)(=O)O)c23)cc1NC(=O)c1cccc(NC(=O)Nc2cccc(C(=O)Nc3cc(C(=O)Nc4ccc(S(=O)(=O)O)c5cc(S(=O)(=O)O)cc(S(=O)(=O)O)c45)ccc3C)c2)c1,1200.0
C[C@H]1O[C@H](O[C@@H]2[C@@H](CO)O[C@H](O[C@@H]3[C@@H](CO)O[C@@H](O)[C@H](O)[C@H]3O)[C@H](O)[C@H]2O)[C@H](O)[C@@H](O)[C@@H]1N[C@H]1C=C(CO)[C@@H](O)[C@H](O)[C@H]1O,2.7
CC1(C)O[C@@H]2C[C@H]3[C@@H]4CCC5=CC(=O)C=C[C@]5(C)[C@@]4(F)[C@@H](O)C[C@]3(C)[C@]2(C(=O)CO)O1,2.4
CCCC1O[C@@H]2C[C@H]3[C@@H]4CCC5=CC(=O)C=C[C@]5(C)[C@H]4[C@@H](O)C[C@]3(C)[C@]2(C(=O)CO)O1,2.8
c1ccc(C2(N3CCCCC3)CCCCC2)cc1,16.0
Nc1nc(=O)c2c([nH]1)NCC(CNc1ccc(C(=O)N[C@@H](CCC(=O)O)C(=O)O)cc1)N2C=O,1.3
CC1=NS(=O)(=O)c2cc(Cl)ccc2N1,48.0
NC12CC3CC(CC(C3)C1)C2,16.0
CO/N=C(\C(=O)N[C@@H]1C(=O)N2C(C(=O)[O-])=C(C[N+]3(C)CCCC3)CS[C@H]12)c1csc(N)n1,1.9
O=C1Cc2cc(CCN3CCN(c4nsc5ccccc45)CC3)c(Cl)cc2N1,3.1
CCOc1ccccc1OCCN[C@H](C)Cc1ccc(OC)c(S(N)(=O)=O)c1,6.8
CN(CCOc1ccc(NS(C)(=O)=O)cc1)CCc1ccc(NS(C)(=O)=O)cc1,8.1
CCO[C@@H](Cc1ccc(OCCc2ccc(OS(C)(=O)=O)cc2)cc1)C(=O)O,45.0
Cc1cc(NS(=O)(=O)c2ccc(N)cc2)no1,9.8
CCC1=C(C)CN(C(=O)NCCc2ccc(S(=O)(=O)NC(=O)N[C@H]3CC[C@H](C)CC3)cc2)C1=O,9.95
C[C@H](N[C@@H](CCc1ccccc1)C(=O)O)C(=O)N1CCC[C@H]1C(=O)O,39.0
NCCCC[C@H](N[C@@H](CCc1ccccc1)C(=O)O)C(=O)N1CCC[C@H]1C(=O)O,42.0
CC(C)(C)NCC(O)COc1ccc(NC(=O)NC2CCCCC2)cc1,11.0
C[C@@H]1CC(=O)NN=C1c1ccc(NN=C(C#N)C#N)cc1,1.1
CCN(CC)CC#CCOC(=O)C(O)(c1ccccc1)C1CCCCC1,7.2
COc1ccc(C(CN(C)C)C2(O)CCCCC2)cc1,5.0
NCCCC[C@H](NC(=O)[C@@H](Cc1cc(Br)c(O)c(Br)c1)NC(=O)N1CCC(N2Cc3ccccc3NC2=O)CC1)C(=O)N1CCN(c2ccncc2)CC1,2.5
CO[C@H]1C[C@@H]2CC[C@@H](C)[C@@](O)(O2)C(=O)C(=O)N2CCCC[C@H]2C(=O)O[C@H]([C@H](C)C[C@@H]2CC[C@H](n3cnnn3)[C@H](OC)C2)CC(=O)[C@H](C)/C=C(\C)[C@@H](O)[C@@H](OC)C(=O)[C@H](C)C[C@H](C)/C=C/C=C/C=C/1C,35.0
CC[C@H](C)C(=O)O[C@H]1C[C@H](O)C=C2C=C[C@H](C)[C@H](CC[C@@H](O)C[C@@H](O)CC(=O)O)[C@H]21,0.78
CN1CC[C@H](c2c(O)cc(O)c3c(=O)cc(-c4ccccc4Cl)oc23)[C@H](O)C1,5.2
Nc1n[n+]([O-])c2ccccc2[n+]1[O-],0.78
O=c1n(CCCN2CCN(c3cccc(Cl)c3)CC2)nc2ccccn12,7.3
CC(C)NCC(O)COc1ccc(CCOCC2CC2)cc1,17.0
C/C=C/C[C@@H](C)[C@@H](O)[C@H]1C(=O)N[C@@H](CC)C(=O)N(C)CC(=O)N(C)[C@@H](CC(C)C)C(=O)N[C@@H](C(C)C)C(=O)N(C)[C@@H](CC(C)C)C(=O)N[C@@H](C)C(=O)N[C@H](C)C(=O)N(C)[C@@H](CC(C)C)C(=O)N(C)[C@@H](CC(C)C)C(=O)N(C)[C@@H](C(C)C)C(=O)N1C,7.3
C/C=C/C[C@@H](C)C(=O)[C@H]1C(=O)N[C@@H](C(C)C)C(=O)N(C)CC(=O)N(C)[C@@H](CC(C)C)C(=O)N[C@@H](C(C)C)C(=O)N(C)[C@@H](CC(C)C)C(=O)N[C@@H](C)C(=O)N[C@H](C)C(=O)N(C)[C@@H](CC(C)C)C(=O)N(C)[C@@H](CC(C)C)C(=O)N(C)[C@@H](C(C)C)C(=O)N1C,10.0
CNCC[C@@H](Oc1ccccc1C)c1ccccc1,5.2
Cc1[nH]cnc1CN1CCc2c(c3ccccc3n2C)C1=O,1.6
CCOC(=O)C1(c2ccccc2)CCN(C)CC1,7.9
CCC(=O)C1(c2cccc(O)c2)CCN(C)CC1,2.3
CC[C@@]1(O)C(=O)OCc2c1cc1n(c2=O)Cc2c-1nc1cc(F)c(C)c3c1c2[C@@H](N)CC3,6.7
CN(C)CCCC1(c2ccc(F)cc2)OCc2cc(C#N)ccc21,33.0
COc1ccc(CCNCC(O)COc2cccc(C)c2)cc1OC,1.9
CCCC(C)C1(CC)C(=O)NC(=S)NC1=O,2.0
O=C(CCCN1CCC(O)(c2ccc(Cl)cc2)CC1)c1ccc(F)cc1,35.0
CC(=O)CCCCn1c(=O)c2c(ncn2C)n(C)c1=O,1.2
Cn1c(=O)c2c(ncn2C)n(C)c1=O,4.9
CCCn1c(=O)[nH]c(=O)c2[nH]cnc21,1.8
Cn1c(=O)c2c(ncn2CC(O)CO)n(C)c1=O,1.7
COc1cc2c(cc1OC)[C@@H](Cc1cc(OC)c(OC)c(OC)c1)[N+](C)(CCCOC(=O)CC/C=C/CCC(=O)OCCC[N+]1(C)CCc3cc(OC)c(OC)cc3[C@H]1Cc1cc(OC)c(OC)c(OC)c1)CC2,0.83
Cn1c(=O)c2nc[nH]c2n(C)c1=O,7.2
COc1cc([C@@H]2c3cc4c(cc3[C@@H](O[C@@H]3O[C@@H]5CO[C@@H](c6cccs6)O[C@H]5[C@H](O)[C@H]3O)[C@H]3COC(=O)[C@H]23)OCO4)cc(OC)c1O,16.0
CCCCc1nc(Cl)c(CO)n1Cc1ccc(-c2ccccc2-c2nnn[nH]2)cc1,1.8
CC(C)(C)NC(=O)[C@@H]1C[C@@H]2CCCC[C@@H]2CN1C[C@@H](O)[C@H](Cc1ccccc1)NC(=O)[C@H](CC(N)=O)NC(=O)c1ccc2ccccc2n1,13.0
CC(=O)N[C@@H]1[C@@H](NC(=N)N)C=C(C(=O)O)O[C@H]1[C@H](O)[C@H](O)CO,1.7
COc1ccc2c3c1O[C@H]1[C@@H](O)C=C[C@H]4[C@@H](C2)N(C)CC[C@]314,4.0
CN1CC[C@]23c4c5ccc(O)c4O[C@H]2[C@@H](O)C=C[C@H]3[C@H]1C5,2.0
Nc1nc(N)c2nc(-c3ccccc3)c(N)nc2n1,4.3
CCC(=O)N(c1ccccc1)C1(COC)CCN(CCc2cccs2)CC1,14.0
Cc1cccc(Nc2ccncc2S(=O)(=O)NC(=O)NC(C)C)c1,5.1
CN(C)C(=O)CCS[C@H](SCCC(=O)O)c1cccc(/C=C/c2ccc3ccc(Cl)cc3n2)c1,2.3
CC(C)(C)[C@H](NC(=O)[C@H](CC1CCCC1)CN(O)C=O)C(=O)N1CCN(Cc2ccc3c(c2)OCO3)CC1,9.4
O=C1c2c(O)ccc(O)c2C(=O)c2c(NCCNCCO)ccc(NCCNCCO)c21,53.0
O=c1[nH]c2ccccc2n1CCCN1CCC(n2c(=O)[nH]c3cc(Cl)ccc32)CC1,7.5
Cn1cc(NC(=O)Nc2cc(C(=O)Nc3cc(C(=O)Nc4ccc5cc(S(=O)(=O)O)cc(S(=O)(=O)O)c5c4)n(C)c3)n(C)c2)cc1C(=O)Nc1cc(C(=O)Nc2ccc3cc(S(=O)(=O)O)cc(S(=O)(=O)O)c3c2)n(C)c1,730.0
C[C@H]1COc2c(N3CCN(C)CC3)c(F)cc3c(=O)c(C(=O)O)cn1c23,8.8
CC1COc2c(N3CCN(C)CC3)c(F)cc3c(=O)c(C(=O)O)cn1c23,8.9
CC/C=C\C/C=C\C/C=C\C/C=C\C/C=C\C/C=C/CCC(=O)O[C@@H](C(=O)O[C@H]1C[C@@]2(O)[C@@H](OC(=O)c3ccccc3)C3[C@](C)(C(=O)[C@H](OC(C)=O)C(=C1C)C2(C)C)[C@@H](O)C[C@H]1OC[C@@]31OC(C)=O)[C@@H](NC(=O)c1ccccc1)c1ccccc1,60.0
CC(=O)O[C@H]1C(=O)[C@]2(C)[C@@H](O)C[C@H]3OC[C@@]3(OC(C)=O)[C@H]2[C@H](OC(=O)c2ccccc2)[C@]2(O)C[C@H](OC(=O)[C@H](O)[C@@H](NC(=O)c3ccccc3)c3ccccc3)C(C)=C1C2(C)C,11.0
COC(=O)O[C@@]12CO[C@@H]1C[C@H](O)[C@@]1(C)C(=O)[C@H](OC(C)=O)C3=C(C)[C@@H](OC(=O)[C@H](O)[C@@H](NC(=O)c4ccccc4)c4ccccc4)C[C@@](O)([C@@H](OC(=O)c4ccccc4)[C@@H]12)C3(C)C,31.0
NC(=O)c1ncn([C@@H]2O[C@H](CO)[C@@H](O)[C@H]2O)n1,45.0
CC1CCCC(C)N1CCCC(O)(c1ccccc1)c1ccccn1,8.4
CC1CNc2c(cccc2S(=O)(=O)N[C@@H](CCCNC(=N)N)C(=O)N2CC[C@@H](C)C[C@@H]2C(=O)O)C1,0.4
Cn1cc[nH]c1=S,2.4
O=C1CCc2ccc(OCCCCN3CCN(c4cccc(Cl)c4Cl)CC3)cc2N1,75.0
CC(C)(C)NC(=O)[C@H]1CC[C@H]2[C@@H]3CC=C4C=C(C(=O)O)CC[C@]4(C)[C@H]3CC[C@]12C,27.0
O=C(NCCN1CCOCC1)c1ccc(Cl)cc1,1.5
C[C@@H]1C(=O)O[C@H]2C[C@@]34[C@H]5C[C@@H](C(C)(C)C)[C@]36[C@@H](OC(=O)[C@@H]6O)O[C@@]4(C(=O)O5)[C@]21O,3.8
C[C@@H]1C(=O)O[C@H]2[C@H](O)[C@@]34[C@H]5C[C@@H](C(C)(C)C)[C@]36[C@@H](OC(=O)[C@@H]6O)O[C@@]4(C(=O)O5)[C@@]12O,5.2
O=C(O[C@H]1CN2CCC1CC2)N1CCc2ccccc2[C@@H]1c1ccccc1,52.0
O=C1C(CC[S+]([O-])c2ccccc2)C(=O)N(c2ccccc2)N1c1ccccc1,6.2
CCOC(=O)Nc1ccc(NCc2ccc(F)cc2)nc1N,8.5
C=CC[C@@H]1/C=C(\C)C[C@H](C)C[C@H](OC)[C@H]2O[C@@](O)(C(=O)C(=O)N3CCCC[C@H]3C(=O)O[C@H](/C(C)=C/[C@@H]3CC[C@@H](O)[C@H](OC)C3)[C@H](C)[C@@H](O)CC1=O)[C@H](C)C[C@@H]2OC,26.0
Cc1ccnc2c1NC(=O)c1cccnc1N2C1CC1,53.0
COc1cc2nc(N3CCN(C(=O)C4COc5ccccc5O4)CC3)nc(N)c2cc1OC,10.0
C[C@@H]1O[C@@H]1P(=O)(O)O,1.9
CCOc1ccc2ccccc2c1C(=O)N[C@@H]1C(=O)N2[C@@H](C(=O)O)C(C)(C)S[C@H]12,0.7
O=c1c(O)c(-c2ccc(O)c(O)c2)oc2cc(O)cc(O)c12,0.6
CN(C)CCN(Cc1cccs1)c1ccccn1,1.6
Oc1ccc2c3c1O[C@H]1[C@@H](O)CC[C@@]4(O)[C@@H](C2)N(CC2CCC2)CC[C@]314,3.7
Cc1ccc(-c2nc3ccc(C)cn3c2CC(=O)N(C)C)cc1,1.7
Nc1ccc(S(=O)(=O)c2ccc(N)cc2)cc1,22.0
CCC(C)n1ncn(-c2ccc(N3CCN(c4ccc(OCC5COC(Cn6cncn6)(c6ccc(Cl)cc6Cl)O5)cc4)CC3)cc2)c1=O,25.0
C[C@H](Cn1cnc2c(N)ncnc21)OCP(=O)(O)O,5.8
Nc1nc(O)c2ncn(CCC(CO)CO)c2n1,2.1
Nc1ncnc2c1ncn2CCOCP(=O)(O)O,1.6
Nc1nc(O)c2ncn(COC(CO)CO)c2n1,3.7
Nc1nc(O)c2ncn(COCCO)c2n1,2.5
CN(C)CCc1c[nH]c2ccc(Cn3cncn3)cc12,2.2
CO[C@@]1(NC(=O)Cc2cccs2)C(=O)N2C(C(=O)O)=C(COC(N)=O)CS[C@@H]21,0.81
CC(=O)OCC1=C(C(=O)O)N2C(=O)[C@@H](NC(=O)Cc3cccs3)[C@H]2SC1,0.95
CC(C)N1CCC(N(C(=O)Cc2ccccc2)c2ccc(Cl)cc2)CC1,6.5
CCOc1ccccc1OCC1CNCCO1,4.1
Sc1ncnc2nc[nH]c12,1.0
COC(=O)C(c1ccccc1)C1CCCCN1,4.8
CC(C(=O)O)c1cccc(C(=O)c2ccccc2)c1,2.1
Nc1c(CC(=O)O)cccc1C(=O)c1ccc(Br)cc1,2.6
Cc1ccc(C(=O)c2cc(O)c(O)c([N+](=O)[O-])c2)cc1,1.1
O=C(CCCN1CCC(n2c(O)nc3ccccc32)CC1)c1ccc(F)cc1,5.8
CCN(CCO)CCCC(C)Nc1ccnc2cc(Cl)ccc12,850.0
COc1cc(NC(C)CCCN)c2ncccc2c1,7.1
CCN(CC)CCCC(C)Nc1ccnc2cc(Cl)ccc12,570.0
CC1(C)S[C@@H]2[C@H](/N=C/N3CCCCCC3)C(=O)N2[C@H]1C(=O)O,1.1
CC(C)(C)[C@]1(O)CC2OC(=O)CC23C(=O)OC2OC(=O)[C@H](O)C231,3.2
CC[C@H]1NC(=O)[C@@H](NC(=O)c2ncccc2O)[C@@H](C)OC(=O)[C@H](c2ccccc2)NC(=O)[C@@H]2CC(=O)[C@H](CS[C@@H]3CN4CCC3CC4)CN2C(=O)[C@H](Cc2ccc(N(C)C)cc2)N(C)C(=O)[C@@H]2CCCN2C1=O,0.87
CN1CCN(C(=O)OC2c3nccnc3C(=O)N2c2ccc(Cl)cn2)CC1,5.2
CN(Cc1cnc2nc(N)nc(N)c2n1)c1ccc(C(=O)N[C@@H](CCC(=O)O)C(=O)O)cc1,3.9
CS(=O)(=O)N(CCO)c1c(Cl)c(Cl)cc2[nH]c(=O)c(=O)[nH]c12,1.4
O=P1(NCCCl)OCCCN1CCCl,6.6
O=P1(N(CCCl)CCCl)NCCCO1,8.0
C=CCN1CCCC1CNC(=O)c1cc2nn[nH]c2cc1OC,2.8
NC(=O)C(c1ccccc1)(c1ccccc1)[C@@H]1CCN(CCc2ccc3c(c2)CCO3)C1,3.6
COCc1c(C(C)C)nc(C(C)C)c(/C=C/[C@@H](O)C[C@@H](O)CC(=O)O)c1-c1ccc(F)cc1,1.8
C/C=C1\NC(=O)[C@H]2CSSCC/C=C/[C@H](CC(=O)N[C@H](C(C)C)C(=O)N2)OC(=O)[C@H](C(C)C)NC1=O,11.0
COc1cc2ncnc(Nc3ccc(F)c(Cl)c3)c2cc1OCCCN1CCOCC1,34.0
CN1C(C(=O)Nc2ccccn2)=C(O)c2sccc2S1(=O)=O,67.0
O=C1CCC(N2C(=O)c3ccccc3C2=O)C(=O)N1,4.7
CN[C@@H]1[C@H](O[C@H]2[C@H](O[C@@H]3[C@@H](N=C(N)N)[C@H](O)[C@@H](N=C(N)N)[C@H](O)[C@H]3O)O[C@@H](C)[C@]2(O)C=O)O[C@@H](CO)[C@H](O)[C@H]1O,4.3
C[C@@H](O[C@H]1OCCN(Cc2n[nH]c(=O)[nH]2)[C@H]1c1ccc(F)cc1)c1cc(C(F)(F)F)cc(C(F)(F)F)c1,13.0
CN[C@@H]1C[C@H]2O[C@@](C)([C@@H]1OC)n1c3ccccc3c3c4c(c5c6ccccc6n2c5c31)C(=O)N[C@@H]4O,790.0
CCCCNc1cc(C(=O)O)cc(S(N)(=O)=O)c1Oc1ccccc1,1.2
CO[C@H]1/C=C/O[C@@]2(C)Oc3c(C)c(O)c4c(O)c(c(/C=N/N5CCN(C)CC5)c(O)c4c3C2=O)NC(=O)/C(C)=C\C=C\[C@H](C)[C@H](O)[C@@H](C)[C@@H](O)[C@@H](C)[C@H](OC(C)=O)[C@@H]1C,3.8
CCCCS(=O)(=O)N[C@@H](Cc1ccc(OCCCCC2CCNCC2)cc1)C(=O)O,1.6
CC(C)=CCN1CC[C@]2(C)c3cc(O)ccc3C[C@H]1[C@H]2C,2.5
C[C@@H](O)[C@H]1C(=O)N2C(C(=O)O)=C(SCCOC(N)=O)S[C@H]12,0.8
N/N=c1/cc2c(n[nH]1)CCN(C(=O)c1ccccc1)C2,5.6
CNCCCC12CCC(c3ccccc31)c1ccccc12,51.0
NS(=O)(=O)c1cc2c(cc1C(F)(F)F)NCNS2(=O)=O,5.2
C[C@H](N[C@@H](CCc1ccccc1)C(=O)O)C(=O)N1Cc2ccccc2C[C@H]1C(=O)O,2.3
CNS(=O)(=O)CCc1ccc2[nH]cc(C3CCN(C)CC3)c2c1,6.6
CCCc1nc2c(C)cc(-c3nc4ccccc4n3C)cc2n1Cc1ccc(-c2ccccc2C(=O)O)cc1,20.0
CCCCCOc1ccc(-c2ccc(-c3ccc(C(=O)N[C@H]4C[C@@H](O)[C@@H](O)NC(=O)[C@@H]5[C@@H](O)[C@@H](C)CN5C(=O)[C@H]([C@@H](C)O)NC(=O)[C@H]([C@H](O)[C@@H](O)c5ccc(O)cc5)NC(=O)[C@@H]5C[C@@H](O)CN5C(=O)[C@H]([C@@H](C)O)NC4=O)cc3)cc2)cc1,40.0
COc1cc(CC2c3c(cc(OC)c(OC)c3OC)CC[N+]2(C)CCCOC(=O)CCC(=O)OCCC[N+]2(C)CCc3cc(OC)c(OC)c(OC)c3C2Cc2cc(OC)c(OC)c(OC)c2)cc(OC)c1OC,1.7
CN1CCC[C@H]1c1cccnc1,2.0
O=C(O)[C@H]1/C(=C/CO)O[C@@H]2CC(=O)N21,0.9
Cc1cc(=O)n(-c2ccccc2)n1C,12.0
Cc1ccccc1N1C(=O)c2cc(S(N)(=O)=O)c(Cl)cc2NC1C,20.0
CCOC(=O)c1cncn1[C@H](C)c1ccccc1,3.5
CCN1CCN(C(=O)N[C@@H](C(=O)N[C@@H]2C(=O)N3[C@@H](C(=O)O)C(C)(C)S[C@H]23)c2ccccc2)C(=O)C1=O,0.96
COc1ccc(Cl)cc1[C@]1(F)C(=O)Nc2cc(C(F)(F)F)ccc21,37.0
CC(CCc1ccccc1)NCC(O)c1ccc(O)c(C(N)=O)c1,4.4
C[C@H](CCc1ccccc1)NC[C@H](O)c1ccc(O)c(C(N)=O)c1,3.3
NS(=O)(=O)c1cc(C(=O)O)c(NCc2ccco2)cc1Cl,2.5
Nc1ccn([C@@H]2CS[C@H](CO)O2)c(=O)n1,9.1
OC(CCN1CCCC1)(c1ccccc1)C1CCCCC1,12.0
O=C(NCCNCC(O)COc1ccc(O)cc1)N1CCOCC1,7.7
C[C@H](CS)C(=O)N1CCC[C@H]1C(=O)O,2.0
CN(C)CCc1c[nH]c2ccc(C[C@H]3COC(=O)N3)cc12,3.6
CCCCCNC(=O)c1coc([C@@H]2[C@H]3CC[C@H](O3)[C@@H]2Cc2ccccc2CCC(=O)O)n1,22.0
COc1cc(NCc2ccc3nc(N)nc(N)c3c2C)cc(OC)c1OC,17.0
N[C@H]1[C@@H]2CN(c3nc4c(cc3F)c(=O)c(C(=O)O)cn4-c3ccc(F)cc3F)C[C@H]12,11.0
CC(C)(C)NC(=O)[C@@H]1CN(Cc2cccnc2)CCN1C[C@@H](O)C[C@@H](Cc1ccccc1)C(=O)N[C@H]1c2ccccc2C[C@H]1O,1.0
CCCC1C(=O)N2C(N(C)C)=Nc3ccc(C)cc3N2C1=O,17.0
CCOC(=O)[C@@H]1C2CCC(C[C@@H]1OC(=O)c1ccccc1)N2C,1.5
COC(=O)[C@H]1[C@@H](OC(=O)c2ccccc2)C[C@@H]2CC[C@H]1N2C,0.76
Cc1nnc(SCC2=C(C(=O)O)N3C(=O)[C@@H](NC(=O)[C@H](O)c4ccccc4)[C@H]3SC2)s1,1.0
CN1CC[C@]23c4c5ccc(O)c4O[C@H]2[C@@H](O[C@@H]2O[C@H](C(=O)O)[C@@H](O)[C@H](O)[C@H]2O)C=C[C@H]3[C@H]1C5,1.4
CN[C@@H]1[C@@H](O)[C@@H](O[C@@H]2[C@@H](O)[C@H](O[C@H]3OC(CN)=CC[C@H]3N)[C@@H](N)C[C@H]2N)OC[C@]1(C)O,2.4
CCN[C@@H]1C[C@H](N)[C@@H](O[C@H]2OC(CN)=CC[C@H]2N)[C@H](O)[C@H]1O[C@H]1OC[C@](C)(O)[C@H](NC)[C@H]1O,3.2
CCCNCC(O)COc1ccccc1C(=O)CCc1ccccc1,2.1
CCC(C)(C)NCC(O)COc1ccccc1C(=O)CCc1ccccc1,1.5
CCC(C)CC(C)CCCCCCCCC(=O)N[C@H]1C[C@@H](O)[C@@H](NCCN)NC(=O)[C@@H]2[C@@H](O)CCN2C(=O)[C@H]([C@H](O)CCN)NC(=O)[C@H]([C@H](O)[C@@H](O)c2ccc(O)cc2)NC(=O)[C@@H]2C[C@@H](O)CN2C(=O)[C@H]([C@@H](C)O)NC1=O,27.0
OC(Cn1cncn1)(Cn1cncn1)c1ccc(F)cc1F,30.0
O=P(O)(O)OC(Cn1cncn1)(Cn1cncn1)c1ccc(F)cc1F,2.1
CCN1CC(CCN2CCOCC2)C(c2ccccc2)(c2ccccc2)C1=O,4.1
NC(=O)CN1CC(O)CC1=O,7.5
Oc1ccc2c(c1)[C@@]13CCCC[C@@]1(O)[C@@H](C2)N(CC1CCC1)CC3,4.8
O=C1CC[C@@]2(O)[C@H]3Cc4ccc(O)c5c4[C@@]2(CCN3CC2CC2)[C@H]1O5,1.9
O=C(O)Cc1ccccc1Nc1c(Cl)cccc1Cl,1.4
CNC(=C[N+](=O)[O-])NCCSCc1ccc(CN(C)C)o1,2.1
COc1cc2nc(N3CCN(C(=O)c4ccco4)CC3)nc(N)c2cc1OC,2.0
CO[C@@]1(NC(=O)C(C(=O)O)c2ccc(O)cc2)C(=O)N2C(C(=O)O)=C(CSc3nnnn3C)CO[C@@H]21,2.9
COc1cc([C@@H]2c3cc4c(cc3[C@@H](O[C@@H]3O[C@@H]5CO[C@@H](C)O[C@H]5[C@H](O)[C@H]3O)[C@H]3COC(=O)[C@H]23)OCO4)cc(OC)c1O,5.7
COc1cc([C@@H]2c3cc4c(cc3C(OC3OC5COC(C)OC5C(O)C3N)C3COC(=O)[C@@H]32)OCO4)cc(OC)c1O,14.0
CCCCC1=NC2(CCCC2)C(=O)N1Cc1ccc(-c2ccccc2-c2nn[nH]n2)cc1,14.0
C=CC[N+]1([C@H]2C[C@H]3[C@@H]4CC[C@H]5C[C@H](O)[C@@H](N6CCOCC6)C[C@]5(C)[C@H]4CC[C@]3(C)[C@H]2OC(C)=O)CCCC1,1.6
CO[C@H]1/C=C/O[C@@]2(C)Oc3c(C)c(O)c4c(c3C2=O)C2=NC3(CCN(CC(C)C)CC3)NC2=C(NC(=O)/C(C)=C\C=C\[C@H](C)[C@H](O)[C@@H](C)[C@@H](O)[C@@H](C)[C@H](OC(C)=O)[C@@H]1C)C4=O,37.0
C[C@@H]([C@@H](O)c1ccc(O)cc1)N1CCC(O)(c2ccccc2)CC1,3.7
COC(=O)C1=C(C)NC(C)=C(C(=O)OCCN(C)Cc2ccccc2)C1c1cccc([N+](=O)[O-])c1,4.1
N=C(N)NCCC[C@H](NC(=O)[C@@H]1CCCN1C(=O)[C@@H]1CSSCCC(=O)N[C@@H](Cc2ccc(O)cc2)C(=O)N[C@@H](Cc2ccccc2)C(=O)N[C@@H](CCC(N)=O)C(=O)N[C@@H](CC(N)=O)C(=O)N1)C(=O)NCC(N)=O,3.0
CCn1cc(C(=O)O)c(=O)c2cc(F)c(N3CCN(C)CC3)cc21,11.0
CN1CCN(c2c(F)cc3c(=O)c(C(=O)O)cn(CCF)c3c2F)CC1,8.6
Cc1ccccc1OCC(O)CNCCOc1ccc(C(N)=O)cc1,2.5
COc1ccc([C@@H]2Sc3ccccc3N(CCN(C)C)C(=O)[C@@H]2OC(C)=O)cc1,5.6
CCC(=O)O[C@](Cc1ccccc1)(c1ccccc1)[C@H](C)CN(C)C,18.0
CN(C)CCNc1ccc2c3c(nn2CCNCCO)-c2cnccc2C(=O)c13,45.0
O=C(c1ccc(F)cc1)C1CCN(CCn2c(=O)[nH]c3ccccc3c2=O)CC1,12.0
CN(C)C(=O)Oc1ccc[n+](C)c1,1.5
CCC1=C[C@@H]2CN(C1)Cc1c([nH]c3ccccc13)[C@@](C(=O)OC)(c1cc3c(cc1OC)N(C)[C@H]1[C@@](O)(C(=O)OC)[C@H](OC(C)=O)[C@]4(CC)C=CCN5CC[C@]31[C@@H]54)C2,18.0
CCC1=C[C@@H]2CN(C1)Cc1c([nH]c3ccccc13)[C@@](C(=O)OC)(c1cc3c(cc1OC)N(C)[C@H]1[C@@](O)(C(=O)OC)[C@H](OC(C)=O)[C@]4(CC)C=CCN5CC[C@]31[C@@H]54)C2,26.0
O=c1[nH]cc(F)c(=O)[nH]1,0.12
CO[C@@]1(NC(=O)CSCC#N)C(=O)N2C(C(=O)O)=C(CSc3nnnn3C)CS[C@@H]21,1.5
N#Cc1ccc2c(c1)CN(S(=O)(=O)c1cccs1)[C@H](Cc1ccccc1)CN2Cc1c[nH]cn1,1.6
CC(=O)O[C@H]1C[C@@H]2CC[C@@H]3[C@H](CC[C@@]4(C)[C@H]3C[C@H]([N+]3(C)CCCCC3)[C@@H]4OC(C)=O)[C@@]2(C)C[C@@H]1[N+]1(C)CCCCC1,1.9
CCCCCc1cc(O)c2c(c1)OC(C)(C)[C@@H]1CCC(C)=C[C@@H]21,33.0
Nc1[nH]c(=O)ncc1F,4.2
Nc1ccn(C[C@@H](CO)OCP(=O)(O)O)c(=O)n1,2.6
NCC1(CC(=O)O)CCCCC1,5.3
NC[C@H]1CC[C@H](C(=O)O)CC1,2.3
CCn1cc(C(=O)O)c(=O)c2cc(F)c(N3CCNCC3)nc21,5.1
CC(=O)NC[C@H]1CN(c2ccc(N3CCOCC3)c(F)c2)C(=O)O1,4.5
Cc1nnc2n1-c1sc(Br)cc1C(c1ccccc1Cl)=NC2,4.8
N[C@@H](CC(=O)N1CCn2c(nnc2C(F)(F)F)C1)Cc1cc(F)c(F)cc1F,12.0
CCCC(C)C1(CC)C(=O)NC(=O)NC1=O,22.0
C=CCC1(C(C)C#CCC)C(=O)NC(=O)N(C)C1=O,1.6
CNCCCN1c2ccccc2CCc2ccccc21,22.0
C[N+](C)([O-])CCCN1c2ccccc2CCc2ccccc21,1.8
CC(CN(C)C)CN1c2ccccc2CCc2ccccc21,23.0
CN(C)CCCN1c2ccccc2CCc2ccc(Cl)cc21,26.0
CN(C)CCCN1c2ccccc2CCc2ccccc21,16.0
CN(C)CCCN1c2ccccc2CCc2cc(O)ccc21,10.0
Nc1ccn([C@@H]2CO[C@H](CO)O2)c(=O)n1,82.0
CN(CCOc1ccc(CC2SC(=O)NC2=O)cc1)c1ccccn1,3.9
CCCc1cc(=O)[nH]c(=S)[nH]1,1.3
O=C(O)P(=O)(O)O,4.7
CN(C)C(=N)NC(=N)N,1.7
CCCC(CCC)C(=O)O,12.0
NCCC(O)(P(=O)(O)O)P(=O)(O)O,32.0
O=NN(CCCl)C(=O)NCCCl,0.37
NCCCCCC(=O)O,4.9
CC(=O)N[C@@H](CS)C(=O)O,5.5
CC[C@@H](CO)NCCN[C@@H](CC)CO,3.1
CS(=O)(=O)OCCCCOS(C)(=O)=O,3.4
O=C(O)C(Cl)Cl,0.65
NC(=O)NO,3.4
O=C([O-])[O-].[Li+].[Li+],7.8
CCCCCN(C)CCC(O)(P(=O)(O)O)P(=O)(O)O,14.0
CN(CC(N)=O)C(=O)N(CCCl)N=O,1.0
CCCC(C)(COC(N)=O)COC(N)=O,14.0
CO/N=C(\C(=O)N[C@@H]1C(=O)N2C(C(=O)O)=C(C)CS[C@H]12)c1csc(N)n1,2.1
C=CC1=C(C(=O)O)N2C(=O)[C@@H](NC(=O)/C(=N\OCC(=O)O)c3csc(N)n3)[C@H]2SC1,3.2
CO/N=C(\C(=O)N[C@@H]1C(=O)N2C(C(=O)O)=C(COC(C)=O)CS[C@H]12)c1csc(N)n1,1.2
CO/N=C(\C(=O)N[C@@H]1C(=O)N2C(C(=O)O)=CCS[C@H]12)c1csc(N)n1,1.5
CCCCC(=O)N(Cc1ccc(-c2ccccc2-c2nnn[nH]2)cc1)[C@H](C(=O)O)C(C)C,9.5
Cn1nnnc1SCC1=C(C(=O)O)N2C(=O)[C@@H](NC(=O)[C@H](O)c3ccccc3)[C@H]2SC1,0.75
NCc1ccccc1CC(=O)N[C@@H]1C(=O)N2C(C(=O)O)=C(CSc3nnnn3CC(=O)O)CS[C@H]12,3.0
CC(Oc1ccccc1)C(=O)N[C@@H]1C(=O)N2[C@@H](C(=O)O)C(C)(C)S[C@H]12,0.91
CC1(C)S[C@@H]2[C@H](NC(=O)COc3ccccc3)C(=O)N2[C@H]1C(=O)O,0.84
CSc1ccc(C(=O)c2[nH]c(=O)[nH]c2C)cc1,1.0
Cc1cc(-n2cccc2)c(S(C)(=O)=O)cc1C(=O)N=C(N)N,2.2
CCS(=O)(=O)CCn1c([N+](=O)[O-])cnc1C,13.0
CN/C(=N/CCSCc1nc[nH]c1C)NC#N,2.2
CN(C)/N=N/c1[nH]cnc1C(N)=O,6.2
O=P(O)(O)C(O)(Cn1ccnc1)P(=O)(O)O,11.0
Cc1ncc([N+](=O)[O-])n1CCO,7.1
CC[C@H](C)C(=O)O[C@H]1C[C@@H](C)C=C2C=C[C@H](C)[C@H](CC[C@@H]3C[C@@H](O)CC(=O)O3)[C@H]21,1.4
COc1ccc([C@]2(C#N)CC[C@@H](C(=O)O)CC2)cc1OC1CCCC1,7.9
O=C(Cc1cccs1)N[C@@H]1C(=O)N2C(C(=O)[O-])=C(C[n+]3ccccc3)CS[C@H]12,1.5
O=C(O)c1ccccc1-c1c2ccc(=O)cc-2oc2cc(O)ccc12,1.6
CCCCC/C=C\CCC(=O)N[C@H]1[C@H](Oc2c3cc4cc2Oc2ccc(cc2Cl)[C@@H](O[C@@H]2O[C@H](CO)[C@@H](O)[C@H](O)[C@H]2NC(C)=O)[C@@H]2NC(=O)[C@H](NC(=O)[C@@H]4NC(=O)[C@H]4NC(=O)[C@@H](Cc5ccc(c(Cl)c5)O3)NC(=O)[C@@H](N)c3ccc(O)c(c3)Oc3cc(O)cc4c3)c3ccc(O)c(c3)-c3c(O[C@H]4O[C@H](CO)[C@@H](O)[C@H](O)[C@@H]4O)cc(O)cc3[C@H](C(=O)O)NC2=O)O[C@H](CO)[C@@H](O)[C@@H]1O,150.0
CC(=O)N[C@H](Cc1ccc2ccccc2c1)C(=O)N[C@H](Cc1ccc(Cl)cc1)C(=O)N[C@H](Cc1cccnc1)C(=O)N[C@@H](CO)C(=O)N[C@@H](Cc1ccc(O)cc1)C(=O)N[C@H](CCCNC(N)=O)C(=O)N[C@@H](CC(C)C)C(=O)N[C@@H](CCCNC(=N)N)C(=O)N1CCC[C@H]1C(=O)N[C@H](C)C(N)=O,12.0
CCCCCCCCCC(=O)N[C@@H](Cc1c[nH]c2ccccc12)C(=O)N[C@@H](CC(N)=O)C(=O)N[C@@H](CC(=O)O)C(=O)N[C@@H]1C(=O)NCC(=O)N[C@@H](CCCN)C(=O)N[C@@H](CC(=O)O)C(=O)N[C@H](C)C(=O)N[C@@H](CC(=O)O)C(=O)NCC(=O)N[C@H](CO)C(=O)N[C@@H]([C@H](C)CC(=O)O)C(=O)N[C@@H](CC(=O)c2ccccc2N)C(=O)O[C@@H]1C,8.1
Nc1nc(F)nc2c1ncn2[C@@H]1O[C@H](CO)[C@@H](O)[C@@H]1O,11.0
Nc1nc(Cl)nc2c1ncn2[C@H]1C[C@H](O)[C@@H](CO)O1,16.0
COc1nc(N)nc2c1ncn2[C@@H]1O[C@H](CO)[C@@H](O)[C@@H]1O,0.5
CCCCc1oc2ccccc2c1C(=O)c1cc(I)c(OCCN(CC)CC)c(I)c1,820.0
CCOc1cc(CC(=O)N[C@@H](CC(C)C)c2ccccc2N2CCCCC2)ccc1C(=O)O,0.87
COc1cc2c(c(OC)c1OC)-c1ccc(OC)c(=O)cc1[C@@H](NC(C)=O)CC2,58.0
CC(NCCc1ccc(O)cc1)C(O)c1ccc(O)cc1,2.6
CC(Cc1ccc(O)cc1)NCC(O)c1cc(O)cc(O)c1,0.87
C[C@H]1O[C@@H](O[C@H]2[C@@H](O)C[C@H](O[C@H]3[C@@H](O)C[C@H](O[C@H]4CC[C@]5(C)[C@H]6C[C@@H](O)[C@]7(C)[C@@H](C8=CC(=O)OC8)CC[C@]7(O)[C@@H]6CC[C@@H]5C4)O[C@@H]3C)O[C@@H]2C)C[C@H](O)[C@@H]1O,38.0
C[C@H]1O[C@@H](O[C@H]2[C@@H](O)C[C@H](O[C@H]3[C@@H](O)C[C@H](O[C@H]4CC[C@]5(C)[C@H]6CC[C@]7(C)[C@@H](C8=CC(=O)OC8)CC[C@]7(O)[C@@H]6CC[C@@H]5C4)O[C@@H]3C)O[C@@H]2C)C[C@H](O)[C@@H]1O,180.0
O=C1CN=C(c2ccccc2Cl)c2cc(Cl)ccc2N1,200.0
O=C1CN=C(c2ccccc2)c2cc(Cl)ccc2N1,46.0
O=C1Nc2ccc(Cl)cc2C(c2ccccc2Cl)=NC1O,17.0
O=C(O)C1N=C(c2ccccc2)c2cc(Cl)ccc2NC1=O,2.4
CN1C(=O)CN=C(c2ccccc2F)c2cc([N+](=O)[O-])ccc21,25.0
CN1C(=O)CN=C(c2ccccc2)c2cc(Cl)ccc21,42.0
O=C1CN=C(c2ccccc2Cl)c2cc([N+](=O)[O-])ccc2N1,38.0
CN1C(=O)C(O)N=C(c2ccccc2Cl)c2cc(Cl)ccc21,4.9
O=C1Nc2ccc(Cl)cc2C(c2ccccc2)=NC1O,6.7
O=C1CN=C(c2ccccc2)c2cc([N+](=O)[O-])ccc2N1,26.0
N=C(N)c1ccc(CNC(=O)[C@@H]2CCN2C(=O)[C@H](NCC(=O)O)C2CCCCC2)cc1,1.6
CCOC(=O)c1ncn2c1CN(C)C(=O)c1cc(F)ccc1-2,0.78
CCC[C@@H]1C[C@@H](C(=O)N[C@H]([C@@H](C)O)[C@H]2O[C@H](SC)[C@H](O)[C@@H](O)[C@H]2O)N(C)C1,5.6
CCC[C@@H]1C[C@@H](C(=O)N[C@H]([C@H](C)Cl)[C@H]2O[C@H](SC)[C@H](O)[C@@H](O)[C@H]2O)N(C)C1,2.1
COC(=O)Nc1nc2ccc(C(=O)c3ccccc3)cc2[nH]1,1.1
CC#CCC(C)[C@H](O)/C=C/[C@@H]1[C@H]2C/C(=C/CCCC(=O)O)C[C@H]2C[C@H]1O,0.57
CCC#CC[C@H](C)[C@H](O)C#C[C@@H]1[C@H]2C/C(=C/COCC(=O)O)C[C@H]2C[C@H]1O,1.1
Clc1cccc(Cl)c1N=C1NCCN1,7.6
CN(C)CCCN1c2ccccc2Sc2ccccc21,7.9
CC(CN1c2ccccc2Sc2ccccc21)N(C)C,14.0
COc1ccc2c(c1)N(C[C@H](C)CN(C)C)c1ccccc1S2,30.0
CN(C)CCCN1c2ccccc2Sc2ccc(Cl)cc21,11.0
COc1cc(NS(C)(=O)=O)ccc1Nc1c2ccccc2nc2ccccc12,4.7
CNC(=O)c1cccc2c(Nc3ccc(NS(C)(=O)=O)cc3OC)c3cccc(C)c3nc12,2.4
COc1cc(CC(=O)NCC(=O)N(CCC(=O)O)Cc2ccc(CO)c(CO)c2)ccc1NC(=O)Nc1ccccc1C,1.6
CCCCCOc1ccc(-c2cc(-c3ccc(C(=O)N[C@H]4C[C@@H](O)[C@@H](O)NC(=O)[C@@H]5[C@@H](O)[C@@H](C)CN5C(=O)[C@H]([C@H](O)CC(N)=O)NC(=O)[C@H]([C@H](O)[C@@H](O)c5ccc(O)c(OS(=O)(=O)O)c5)NC(=O)[C@@H]5C[C@@H](O)CN5C(=O)[C@H]([C@@H](C)O)NC4=O)cc3)no2)cc1,16.0
CN1C2CCCC1CC(NC(=O)c1nn(C)c3ccccc13)C2,5.2
COc1cc2c3cc1Oc1cc(ccc1O)C[C@@H]1c4c(cc(OC)c(O)c4Oc4ccc(cc4)C[C@@H]3N(C)CC2)CC[N+]1(C)C.[Cl-],2.0
CCN(CC)CCS(=O)(=O)[C@@H]1CCN2C(=O)c3coc(n3)CC(=O)C[C@H](O)/C=C(C)/C=C/CNC(=O)/C=C/[C@@H](C)[C@@H](C(C)C)OC(=O)[C@@H]12,0.74
C[C@@H](O)[C@H]1C(=O)N2C(C(=O)O)=C(SCCNC=N)C[C@H]12,0.95
CCC(=O)N(c1ccccc1)C1(COC)CCN(CCn2nnn(CC)c2=O)CC1,1.6
C#C[C@]1(O)CC[C@H]2[C@@H]3CCC4=CC(=O)CC[C@@H]4[C@H]3CC[C@@]21CC,9.4
C[C@]12C[C@H](O)[C@H]3[C@@H](CCC4=CC(=O)CC[C@@]43C)[C@@H]1CC[C@]2(O)C(=O)CO,1.6
C[C@@H]1CC2=CC(=O)CC[C@]2(C)[C@H]2CC[C@]3(C)[C@@H](O)CC[C@H]3[C@@]21C,0.65
Cc1cnc(NCCCN(C)C)c2c1[nH]c1ccc3cc(O)ccc3c12,19.0
O=C1C(O)=C([C@H]2CC[C@H](c3ccc(Cl)cc3)CC2)C(=O)c2ccccc21,63.0
O=[N+]([O-])O[C@H]1CO[C@H]2[C@@H]1OC[C@H]2O[N+](=O)[O-],1.69
O=[N+]([O-])O[C@@H]1CO[C@@H]2[C@@H](O)CO[C@H]12,1.9
O=[N+]([O-])O[C@@H]1CO[C@@H]2[C@@H](O)CO[C@H]12,4.1
Cc1cccc([C@H](C)c2c[nH]cn2)c1C,2.2
CCN1CCC[C@H]1CNC(=O)c1c(OC)ccc(Br)c1OC,5.5
Cc1ccc(NC(=O)c2ccc(CN3CCN(C)CC3)cc2)cc1Nc1nccc(-c2cccnc2)n1,22.0
COc1ccccc1Oc1c(NS(=O)(=O)c2ccc(C(C)C)cn2)nc(-c2ccnc(-c3nn[nH]n3)c2)nc1OCCO,3.8
COc1cc2nc(N(C)CCCNC(=O)C3CCCO3)nc(N)c2cc1OC,4.8
CN[C@H]1C(=O)N[C@@H]2Cc3ccc(cc3)Oc3cc4cc(c3O[C@@H]3O[C@H](C(=O)O)[C@@H](O)[C@H](O)[C@H]3NC(=O)CCCCCCCCC(C)C)Oc3ccc(cc3Cl)[C@@H](O)[C@@H]3NC(=O)[C@H](NC(=O)[C@@H]4NC(=O)[C@@H](NC2=O)c2cc(cc(O)c2Cl)Oc2cc1ccc2O)c1ccc(O)c(c1)-c1c(O[C@H]2O[C@H](CO)[C@@H](O)[C@H](O)[C@@H]2O)cc(O)cc1[C@@H](C(=O)NCCCN(C)C)NC3=O,170.0
O=c1ncnc2[nH][nH]cc1-2,0.8
CNS(=O)(=O)Cc1ccc2[nH]cc(CCN(C)C)c2c1,1.7
CCCCCNC(=N)N/N=C/c1c[nH]c2ccc(OC)cc12,11.0
CC(C)NCC(O)COc1cccc2[nH]ccc12,2.2
CC(C)(O)c1ccccc1CC[C@@H](SCC1(CC(=O)O)CC1)c1cccc(/C=C/c2ccc3ccc(Cl)cc3n2)c1,5.0
CCC(=O)N(c1ccccc1)C1CCN(CCc2ccccc2)CC1,3.0
COc1cc(OC)c(C(=O)CCCN2CCCC2)c(OC)c1,3.3
COc1ccc(CC2c3cc(OC)c(OC)cc3CC[N+]2(C)CCC(=O)OCCCCCOC(=O)CC[N+]2(C)CCc3cc(OC)c(OC)cc3C2Cc2ccc(OC)c(OC)c2)cc1OC,0.31
COc1ccc(C[C@@H]2c3cc(OC)c(OC)cc3CC[N@+]2(C)CCC(=O)OCCCCCOC(=O)CC[N@@+]2(C)CCc3cc(OC)c(OC)cc3[C@H]2Cc2ccc(OC)c(OC)c2)cc1OC,0.42
NC1CCN(c2c(F)cc3c(=O)c(C(=O)O)cn(C4CC4)c3c2Cl)C1,5.4
CN(C)CCC=C1c2ccccc2COc2ccccc21,15.0
CC[C@H]1OC(=O)[C@H](C)C(=O)[C@H](C)[C@@H](O[C@@H]2O[C@H](C)C[C@H](N(C)C)[C@H]2O)[C@](C)(OC)C[C@@H](C)C(=O)[C@H](C)[C@H]2N(CCCCn3cnc(-c4cccnc4)c3)C(=O)O[C@]12C,12.0
CN(C)[C@@H]1C(O)=C(C(=O)NCN2CCCC2)C(=O)[C@@]2(O)C(O)=C3C(=O)c4c(O)cccc4[C@@](C)(O)[C@H]3C[C@@H]12,8.8
CN1[C@H]2C[C@H](OC(=O)[C@H](CO)c3ccccc3)C[C@@H]1[C@@H]1O[C@H]12,4.5
COc1ccc(Cc2nccc3cc(OC)c(OC)cc23)cc1OC,1.8
CC[C@H]1OC(=O)[C@H](C)[C@@H](O[C@H]2C[C@@](C)(OC)[C@@H](O)[C@H](C)O2)[C@H](C)[C@@H](O[C@@H]2O[C@H](C)C[C@H](N(C)C)[C@H]2O)[C@](C)(O)C[C@@H](C)CN(C)[C@H](C)[C@@H](O)[C@]1(C)O,69.0
C[C@H]1O[C@@H](n2cc(F)c(=O)[nH]c2=O)[C@H](O)[C@@H]1O,0.35
Cc1cn([C@H]2C[C@H](N=[N+]=[N-])[C@@H](CO)O2)c(=O)[nH]c1=O,1.3
N[C@@H](C(=O)N[C@@H]1C(=O)N2C(C(=O)O)=C(CSc3c[nH]nn3)CS[C@H]12)c1ccc(O)cc1,1.2
COc1cc2c(N)nc(N3CCN(C(=O)OCC(C)(C)O)CC3)nc2c(OC)c1OC,3.1
COc1ccc(-c2nc3cc(C4=NNC(=O)CC4C)ccc3[nH]2)cc1,1.8
CNC1(c2ccccc2Cl)CCCCC1=O,2.8
C=C[C@H]1CN2CC[C@H]1C[C@H]2[C@H](O)c1ccnc2ccc(OC)cc12,11.0
CCC1CN2CCC1CC2[C@@H](O)c1ccnc2ccc(OC)cc12,5.7
C=C[C@H]1CN2CC[C@H]1C[C@@H]2[C@@H](O)c1ccnc2ccc(OC)cc12,6.6
O=C1CN(/N=C/c2ccc([N+](=O)[O-])o2)C(=O)N1,0.97
C[C@@H](CN1CC(=O)NC(=O)C1)N1CC(=O)NC(=O)C1,2.5
c1ccc2c(c1)OCC(C1=NCCN1)O2,4.2
CCCCN1CCCCC1C(=O)Nc1c(C)cccc1C,3.1
CCCN1CCCC[C@H]1C(=O)Nc1c(C)cccc1C,2.2
Cc1cccc(C)c1NC(=O)C1CCCCN1C,2.0
O=C(NCC1CCCCN1)c1cc(OCC(F)(F)F)ccc1OCC(F)(F)F,12.0
CN1C(=O)[C@H](O)C[C@H]1c1cccnc1,5.9
CN1C(=O)CC[C@H]1c1cccnc1,17.0
CC1CCN(CCCC(=O)c2ccc(F)cc2)CC1,3.9
CC(=O)O[C@H]1C[C@]2(C)CC[C@H]3[C@@H]4C[C@H](N5CC[N+](C)(C)CC5)[C@H](OC(C)=O)[C@@]4(C)CC[C@@H]3[C@@]2(C)C[C@@H]1N1CC[N+](C)(C)CC1.[Br-].[Br-],1.9
CC(C)(C)NCC(O)COc1cccc2c1C[C@H](O)[C@H](O)C2,9.2
S=P(N1CC1)(N1CC1)N1CC1,2.7
COc1ccccc1N1CCN(CCCNc2cc(=O)n(C)c(=O)n2C)CC1,3.5
CC(C)NCC(O)COc1cccc2ccccc12,3.4
N=C(N)N1CCC[C@@H](CNC(=O)C[C@H](NS(=O)(=O)c2ccc3ccccc3c2)C(=O)N(CC(=O)O)C2CC2)C1,1.9
CO/N=C(\C(=O)N[C@@H]1C(=O)N2C(C(=O)[O-])=C(C[n+]3cccc4c3CCC4)CS[C@H]12)c1csc(N)n1,1.7
Cc1nnc(SCC2=C(C(=O)O)N3C(=O)[C@@H](NC(=O)Cn4cnnn4)[C@H]3SC2)s1,1.7
CCNC(=O)[C@@H]1CCCN1C(=O)[C@H](CCCNC(=N)N)NC(=O)[C@H](CC(C)C)NC(=O)[C@@H](CC(C)C)NC(=O)[C@H](Cc1ccc(O)cc1)NC(=O)[C@H](CO)NC(=O)[C@H](Cc1c[nH]c2ccccc12)NC(=O)[C@H](Cc1c[nH]cn1)NC(=O)[C@@H]1CCC(=O)N1,2.9
CC(=O)CC(c1ccccc1)c1c(O)c2ccccc2oc1=O,29.0
CN1CCC[C@@H]1Cc1c[nH]c2ccc(CCS(=O)(=O)c3ccccc3)cc12,4.2
O=C(O[C@@H]1C[C@@H]2C[C@H]3C[C@H](C1)N2CC3=O)c1c[nH]c2ccccc12,0.13
N[C@@H]1CN(c2c(F)cc3c(=O)c(C(=O)O)cn([C@@H]4C[C@@H]4F)c3c2Cl)CC12CC2,6.6
C[C@@H](c1ncncc1F)[C@](O)(Cn1cncn1)c1ccc(F)cc1F,5.6
C[C@@H]1CC[C@H]2[C@@H](C)[C@H](OC(=O)CCC(=O)O)O[C@@H]3O[C@@]4(C)CC[C@@H]1[C@@]23OO4,0.22
C[C@]12CC[C@@H]3c4ccc(OC(=O)N(CCCl)CCCl)cc4CC[C@H]3[C@@H]1CC[C@@H]2OP(=O)(O)O,2.4
C[C@]12CC[C@@H]3c4ccc(O)cc4CC[C@H]3[C@@H]1CC[C@@H]2O,1.7
C#C[C@]1(O)CC[C@H]2[C@@H]3CCc4cc(O)ccc4[C@H]3CC[C@@]21C,9.7
C#C[C@]1(O)CC[C@H]2[C@@H]3CCc4cc(OS(=O)(=O)O)ccc4[C@H]3CC[C@@]21C,8.4
C#C[C@]1(OS(=O)(=O)O)CC[C@H]2[C@@H]3CCc4cc(O)ccc4[C@H]3CC[C@@]21C,9.3
COc1c(N2C[C@@H]3CCCN[C@@H]3C2)c(F)cc2c(=O)c(C(=O)O)cn(C3CC3)c12,8.2
COc1cc2c(cc1OC)CN(c1cc(N)c3cc(OC)c(OC)cc3n1)CC2,5.9
COc1ccc2c3c1O[C@H]1C[C@@H](O)C=C[C@@]31CCN(C)C2,5.3
Cc1nc2c([nH]1)CCN(C(=O)c1ccc(NC(=O)c3ccccc3-c3ccccc3)cc1)c1ccccc1-2,6.7
CN1CCc2cccc3c2[C@H]1Cc1ccc(O)c(O)c1-3,0.68
COc1cc2nc(N3CCN(C(=O)C4CCCO4)CC3)nc(N)c2cc1OC,9.0
CC(C)C[C@H](NC(=O)[C@H](Cc1ccccc1)NC(=O)c1cnccn1)B(O)O,18.0
CN1[C@H]2CC[C@@H]1C[C@H](OC(=O)C(CO)c1ccccc1)C2,4.1
Cc1onc(-c2ccccc2)c1C(=O)N[C@@H]1C(=O)N2[C@@H](C(=O)O)C(C)(C)S[C@H]12,0.7
Cc1onc(-c2c(F)cccc2Cl)c1C(=O)N[C@@H]1C(=O)N2[C@@H](C(=O)O)C(C)(C)S[C@H]12,1.4
Cc1onc(-c2c(Cl)cccc2Cl)c1C(=O)N[C@@H]1C(=O)N2[C@@H](C(=O)O)C(C)(C)S[C@H]12,0.88
COc1ccc2cc1Oc1cc3c(cc1OC)CC[N+](C)(C)[C@H]3Cc1ccc(cc1)Oc1c(OC)c(OC)cc3c1[C@@H](C2)[N+](C)(C)CC3.[I-].[I-],5.1
CN[C@H]1[C@@H](O)[C@@H](NC)[C@H](O)[C@H]2O[C@@H]3O[C@H](C)CC(=O)[C@]3(O)O[C@H]12,1.8
CCCC[C@@H]1CC(=O)[C@]2(O)O[C@@H]3[C@@H](NC)[C@@H](O)[C@@H](NC)[C@H](O)[C@H]3O[C@@H]2O1,11.0
COc1ccc2c(c1)c(CC(=O)O)c(C)n2C(=O)c1ccc(Cl)cc1,1.4
N[C@H](C(=O)O)[C@@H]1CC(Cl)=NO1,9.9
Nc1c2c(nc3ccccc13)CCCC2,3.3
CCN1CCN(C(=O)N[C@@H](C(=O)N[C@@H]2C(=O)N3C(C(=O)O)=C(CSc4nnnn4C)CS[C@H]23)c2ccc(O)cc2)C(=O)C1=O,1.8
COc1cccc(C2(O)CCCCC2CN(C)C)c1,5.8
CN1Cc2c(N)cccc2C(c2ccccc2)C1,6.5
CCCCCC/C=C\CCCCCCCCCC(=O)N[C@H]1[C@H](OC[C@H]2O[C@H](OP(=O)(O)O)[C@H](NC(=O)CC(=O)CCCCCCCCCCC)[C@@H](OCCCCCCCCCC)[C@@H]2O)O[C@H](COC)[C@@H](OP(=O)(O)O)[C@@H]1OCC[C@@H](CCCCCCC)OC,51.0
COc1cc2c(cc1O)CCN[C@]21CS[C@@H]2c3c(OC(C)=O)c(C)c4c(c3[C@H](COC1=O)N1[C@@H](O)[C@@H]3Cc5cc(C)c(OC)c(O)c5[C@H]([C@H]21)N3C)OCO4,44.0
CC[C@@]1(O)C(=O)OCc2c1cc1n(c2=O)Cc2cc3c(N)cccc3nc2-1,7.0
CC[C@@]1(O)C(=O)OCc2c1cc1n(c2=O)Cc2cc3c(CN(C)C)c(O)ccc3nc2-1,2.3
Cc1cccc(N2CC(CO)OC2=O)c1,1.6
NCCCNc1ccc2c(CNCCO)nn3c4c(O)ccc(O)c4c(=O)c1c23,32.0
CC(C)[C@H]1CC[C@H](C(=O)N[C@H](Cc2ccccc2)C(=O)O)CC1,1.5
COc1cccc(OC)c1C(=O)N[C@@H]1C(=O)N2[C@@H](C(=O)O)C(C)(C)S[C@H]12,0.64
C=C(C)O[C@@]12CO[C@@H]1C[C@@H]1C[C@@]13C(=O)[C@H](OC(C)=O)C1=C(C)[C@@H](OC(=O)[C@H](O)[C@@H](NC(=O)OC(C)(C)C)c4ccccc4)C[C@@](O)([C@H](OC(=O)c4ccccc4)[C@H]23)C1(C)C,20.0
CN(C)Cc1nnc2n1-c1ccc(Cl)cc1C(c1ccccc1)=NC2,2.1
Cc1nnc2n1-c1ccc(Cl)cc1C(c1ccccc1)=NC2,12.0
Cc1nnc2n1-c1ccc(Cl)cc1C(c1ccccc1Cl)=NC2,2.7
CN1[C@H]2CC[C@@H]1C[C@H](OC(=O)c1c[nH]c3ccccc13)C2,5.6
Nc1ccc(S(=O)(=O)Nc2ncccn2)cc1,7.0
CN1CCN(CCCCN2C(=O)CN(/N=C/c3ccc(-c4ccc(Cl)cc4)o3)C2=O)CC1,79.0
CN(C)CCC(c1ccc(Cl)cc1)c1ccccn1,22.0
CC(C)N(CCC(C(N)=O)(c1ccccc1)c1ccccn1)C(C)C,7.0
COc1cc(Cc2cnc(N)nc2N)cc(OC)c1OC,9.6
CN1C[C@H](C(=O)N[C@]2(C)O[C@@]3(O)[C@@H]4CCCN4C(=O)[C@H](Cc4ccccc4)N3C2=O)C=C2c3cccc4[nH]cc(c34)C[C@H]21,2.1
O=C1NCC2(CCN(CCc3ccccc3)CC2)O1,14.0
CC(=O)Nc1nnc(S(N)(=O)=O)s1,13.0
CC(C(=O)O)c1ccc(C(=O)c2cccs2)cc1,2.1
CC(=O)OCC1=C(C(=O)O)N2C(=O)[C@@H](NC(=O)CSc3ccncc3)[C@H]2SC1,1.2
CCc1nc(N)nc(N)c1-c1ccc(Cl)cc1,140.0
CO/N=C(\C(=O)N[C@@H]1C(=O)N2C(C(=O)O)=C(COC(N)=O)CS[C@H]12)c1ccco1,1.1
CC1(C)S[C@@H]2[C@H](NC(=O)[C@H](NC(=O)N3CCNC3=O)c3ccccc3)C(=O)N2[C@H]1C(=O)O,1.2
CC1(C)S[C@@H]2[C@H](NC(=O)[C@H](NC(=O)N3CCN(S(C)(=O)=O)C3=O)c3ccccc3)C(=O)N2[C@H]1C(=O)O,1.2
COc1ccc(C(=O)Nc2ccccc2CCC2CCCCN2C)cc1,2.6
N=C(N)c1ccc(C(=O)N[C@@H](Cc2ccc(O)cc2)C(=O)N2CCC(OCC(=O)O)CC2)cc1,2.1
COc1c(N2CCNC(C)C2)c(F)cc2c(=O)c(C(=O)O)cn(C3CC3)c12,10.0
O=C(O)c1cn(C2CC2)c2cc(N3CCNCC3)c(F)cc2c1=O,3.8
C[C@H]1CN(c2c(F)c(N)c3c(=O)c(C(=O)O)cn(C4CC4)c3c2F)C[C@@H](C)N1,20.0
C[C@@H](O)[C@H]1C(=O)N2C(C(=O)[O-])=C(SC3Cn4cnc[n+]4C3)[C@H](C)[C@H]12,1.1
